{
	"pages": [{
			"path": "pages/login/login",
			"style": {
				"navigationBarTitleText": "授权登录",
				"enablePullDownRefresh": false
			}

		},
		{
			"path": "pages/home/home",
			"style": {
				"navigationBarTitleText": "首页",
				"enablePullDownRefresh": false
			}

		}, {
			"path": "pages/message/message",
			"style": {
				"navigationBarTitleText": "个人中心",
				"enablePullDownRefresh": false
			}

		}
	],
	"subPackages": [{
		"root": "subpkg",
		"pages": [{
				"path": "CreateQtn/CreateQtn",
				"style": {
					"navigationBarTitleText": "创建问卷",
					"enablePullDownRefresh": false
				}
			}, {
				"path": "QuestionnaireTpt/QuestionnaireTpt",
				"style": {
					"navigationBarTitleText": "问卷模板",
					"enablePullDownRefresh": false
				}

			}, {
				"path": "CreateQtn-kb/CreateQtn-kb",
				"style": {
					"navigationBarTitleText": "空白问卷",
					"enablePullDownRefresh": false
				}

			}, {
				"path": "CreateQtn-kb-bj/CreateQtn-kb-bj",
				"style": {
					"navigationBarTitleText": "空白问卷编辑标题",
					"enablePullDownRefresh": false
				}

			},
			{
				"path": "CreateQtn-kb-update/CreateQtn-kb-update",
				"style": {
					"navigationBarTitleText": "",
					"enablePullDownRefresh": false
				}

			},
			{
				"path": "CreateQtn-kb-update-add/CreateQtn-kb-update-add",
				"style": {
					"navigationBarTitleText": "",
					"enablePullDownRefresh": false
				}

			}, {
				"path": "Casequestionnaire/Casequestionnaire",
				"style": {
					"navigationBarTitleText": "试卷问卷",
					"enablePullDownRefresh": false
				}

			}, {
				"path": "Update/Update",
				"style": {
					"navigationBarTitleText": "",
					"enablePullDownRefresh": false
				}

			}, {
				"path": "Icreated/Icreated",
				"style": {
					"navigationBarTitleText": "",
					"enablePullDownRefresh": false
				}

			}, {
				"path": "Update-bj/Update-bj",
				"style": {
					"navigationBarTitleText": "",
					"enablePullDownRefresh": false
				}

			}, {
				"path": "Details/Details",
				"style": {
					"navigationBarTitleText": "",
					"enablePullDownRefresh": false
				}

			}, {
				"path": "Update-bj-add/Update-bj-add",
				"style": {
					"navigationBarTitleText": "",
					"enablePullDownRefresh": false
				}

			}, {
				"path": "Update-update-addtm/Update-update-addtm",
				"style": {
					"navigationBarTitleText": "",
					"enablePullDownRefresh": false
				}

			}, {
				"path": "DetailsQuestionnaire/DetailsQuestionnaire",
				"style": {
					"navigationBarTitleText": "问卷详情",
					"enablePullDownRefresh": false
				}

			}
		  
                ,{
                    "path" : "Enshrine/Enshrine",
                    "style" :                                                                                    
                {
                    "navigationBarTitleText": "",
                    "enablePullDownRefresh": false
                }
                
                }
                ,{
                    "path" : "Participation/Participation",
                    "style" :                                                                                    
                {
                    "navigationBarTitleText": "",
                    "enablePullDownRefresh": false
                }
                
                }
            ]
	}],
	"globalStyle": {
		"navigationBarTextStyle": "white",
		"navigationBarTitleText": "问卷调查系统",
		"navigationBarBackgroundColor": "#52A8FB",
		"backgroundColor": "#F8F8F8",
		"app-plus": {
			"background": "#efeff4"
		}
	},
	"tabBar": {
		"list": [{
				"pagePath": "pages/home/home",
				"text": "首页",
				"iconPath": "static/icon_p6rngfrysdk/shouye.png",
				"selectedIconPath": "static/icon_p6rngfrysdk/shouye-shouye.png"
			},
			{
				"pagePath": "pages/message/message",
				"text": "我的",
				"iconPath": "static/icon_c83ozse6gdk/icon--my.png",
				"selectedIconPath": "static/gerentouxiang.png"
			}
		]
	}
}
